"Achtergracht","https://adamlink.nl/geo/street/achtergracht/38"
"Agnietenstraat","https://adamlink.nl/geo/street/sint-agnietenstraat/4093"
"Akolijënstraat","https://adamlink.nl/geo/street/akoleienstraat/87"
"Amstel","https://adamlink.nl/geo/street/amstel/135"
"Muiderplein","https://adamlink.nl/geo/street/muiderplein/6206"
"Amstelstraat","https://adamlink.nl/geo/street/amstelstraat/144"
"Amstelveld","https://adamlink.nl/geo/street/amstelveld/146"
"Andrieszkade","https://adamlink.nl/geo/street/andrieszkade/5847"
"Anjeliersstraat","https://adamlink.nl/geo/street/anjeliersstraat/168"
"Baafjessteeg","https://adamlink.nl/geo/street/baefjes-steeg/5625"
"Baanbrugsteeg","https://adamlink.nl/geo/street/baanbrugsteeg/261"
"Baansteeg","https://adamlink.nl/geo/street/baansteeg/5484"
"Badlaan","https://adamlink.nl/geo/street/plantage-badlaan/3604"
"Bagijnensteeg","https://adamlink.nl/geo/street/begijnensteeg/346"
"Bagijnhof","https://adamlink.nl/geo/street/begijnhof/347"
"Bakkerstraat","https://adamlink.nl/geo/street/bakkersstraat/278"
"Balk in 't oogsteeg","https://adamlink.nl/geo/street/balk-in-t-oogsteeg/290"
"Barberstraat","https://adamlink.nl/geo/street/sint-barberenstraat/4098"
"Barndesteeg","https://adamlink.nl/geo/street/barndesteeg/311"
"Batavierstraat","https://adamlink.nl/geo/street/batavierstraat/5666"
"Beerenstraat","https://adamlink.nl/geo/street/berenstraat/394"
"Bergstraat","https://adamlink.nl/geo/street/bergstraat/396"
"Bethaniëndwarsstraat","https://adamlink.nl/geo/street/bethaniendwarsstraat/425"
"Bethaniënstraat","https://adamlink.nl/geo/street/bethanienstraat/426"
"Betlehemsteeg","https://adamlink.nl/geo/street/betlehemsteeg/5839"
"Beulingstraat","https://adamlink.nl/geo/street/beulingstraat/431"
"Beursplein","https://adamlink.nl/geo/street/beursplein/433"
"Beurssteeg","https://adamlink.nl/geo/street/beurssteeg/5923"
"Bickersgracht","https://adamlink.nl/geo/street/bickersgracht/442"
"Bickersplein","https://adamlink.nl/geo/street/hendrik-jonkerplein/1736"
"Binnen Amstel","https://adamlink.nl/geo/street/amstel/135"
"Binnen Bantammerstraat","https://adamlink.nl/geo/street/binnen-bantammerstraat/464"
"Binnen Brouwersstraat","https://adamlink.nl/geo/street/binnen-brouwersstraat/465"
"Binnen Dommerstraat","https://adamlink.nl/geo/street/binnen-dommersstraat/466"
"Binnen Oranjestraat","https://adamlink.nl/geo/street/binnen-oranjestraat/467"
"Binnen Visscherstraat","https://adamlink.nl/geo/street/binnen-vissersstraat/468"
"Binnen Wieringerstraat","https://adamlink.nl/geo/street/binnen-wieringerstraat/469"
"Binnenkant","https://adamlink.nl/geo/street/binnenkant/477"
"Blaauw erf","https://adamlink.nl/geo/street/blaeu-erf/483"
"Blaauwburgwal","https://adamlink.nl/geo/street/blauwburgwal/489"
"Blaauwe straat","https://adamlink.nl/geo/street/blaeustraat/484"
"Blaauwlakensteeg","https://adamlink.nl/geo/street/blaauwlakensteeg/5841"
"Blindemansteeg","https://adamlink.nl/geo/street/blindemansteeg/499"
"Bloedstraat","https://adamlink.nl/geo/street/bloedstraat/500"
"Bloemgracht","https://adamlink.nl/geo/street/bloemgracht/503"
"Bloemstraat","https://adamlink.nl/geo/street/bloemstraat/504"
"Boerensteeg","https://adamlink.nl/geo/street/boerensteeg/518"
"Boomsteeg","https://adamlink.nl/geo/street/boomsteeg/542"
"Boomstraat","https://adamlink.nl/geo/street/boomstraat/543"
"Botermarkt","https://adamlink.nl/geo/street/rembrandtplein/3785"
"Brandewijnsteeg","https://adamlink.nl/geo/street/brandewijnsteeg/595"
"Brouwersgracht","https://adamlink.nl/geo/street/brouwersgracht/623"
"Buiten Bantammerstraat","https://adamlink.nl/geo/street/buiten-bantammerstraat/639"
"Buiten Brouwerstraat","https://adamlink.nl/geo/street/buiten-brouwersstraat/640"
"Buiten Dommerstraat","https://adamlink.nl/geo/street/buiten-dommersstraat/641"
"Buiten Oranjestraat","https://adamlink.nl/geo/street/buiten-oranjestraat/644"
"Buiten Visscherstraat","https://adamlink.nl/geo/street/buiten-vissersstraat/645"
"Buiten Wieringerstraat","https://adamlink.nl/geo/street/buiten-wieringerstraat/646"
"Cellebroerssteeg","https://adamlink.nl/geo/street/cellebroerssteeg/725"
"Dam","https://adamlink.nl/geo/street/dam/880"
"Damrak","https://adamlink.nl/geo/street/damrak/882"
"Damstraat","https://adamlink.nl/geo/street/damstraat/884"
"Daniel Meijerplein","https://adamlink.nl/geo/street/jonas-daniel-meijerplein/2220"
"De Ruijterkade","https://adamlink.nl/geo/street/de-ruijterkade/938"
"Derde Egelantiersdwarsstraat","https://adamlink.nl/geo/street/derde-egelantiersdwarsstraat/963"
"Derde Goudsbloemdwarsstraat","https://adamlink.nl/geo/street/derde-goudsbloemdwarsstraat/964"
"Derde Kattenburgerdwarsstraat","https://adamlink.nl/geo/street/derde-kattenburgerdwarsstraat/5734"
"Derde klooster","https://adamlink.nl/geo/street/derde-klooster/5440"
"Derde Leliedwarsstraat","https://adamlink.nl/geo/street/derde-leliedwarsstraat/969"
"Derde Weteringdwarsstraat","https://adamlink.nl/geo/street/derde-weteringdwarsstraat/975"
"Dijkdwarsstraat","https://adamlink.nl/geo/street/dijkdwarsstraat/1004"
"Dijkstraat","https://adamlink.nl/geo/street/dijkstraat/1009"
"Dirk van Hasseltsteeg","https://adamlink.nl/geo/street/dirk-van-hasseltssteeg/1026"
"Doelenstraat","https://adamlink.nl/geo/street/nieuwe-doelenstraat/3142"
"Doklaan","https://adamlink.nl/geo/street/doklaan/6031"
"Dolle Bagijnensteeg","https://adamlink.nl/geo/street/dollebegijnensteeg/1055"
"Driehoekstraat","https://adamlink.nl/geo/street/driehoekstraat/1095"
"Driekoningenstraat","https://adamlink.nl/geo/street/driekoningenstraat/1096"
"Droogbak","https://adamlink.nl/geo/street/droogbak/1098"
"Dubbele Worststeeg","https://adamlink.nl/geo/street/damraksteeg/883"
"Dubbeleworststeeg","https://adamlink.nl/geo/street/dubbeleworststeeg/1105"
"Duifjessteeg","https://adamlink.nl/geo/street/duifjessteeg/1112"
"Duivensteeg","https://adamlink.nl/geo/street/duivensteeg/5728"
"Dwarsklooster","https://adamlink.nl/geo/street/dwars-klooster/5729"
"Eerste Anjeliersdwarstraat","https://adamlink.nl/geo/street/eerste-anjeliersdwarsstraat/1166"
"Eerste Batavierendwarsstraat","https://adamlink.nl/geo/street/eerste-batavierdwarsstraat/5720"
"Eerste Bloemdwarsstraat","https://adamlink.nl/geo/street/eerste-bloemdwarsstraat/1168"
"Eerste Boomdwarsstraat","https://adamlink.nl/geo/street/eerste-boomdwarsstraat/1170"
"Eerste Egelantiersdwarsstraat","https://adamlink.nl/geo/street/eerste-egelantiersdwarsstraat/1176"
"Eerste Goudsbloemdwarsstraat","https://adamlink.nl/geo/street/eerste-goudsbloemdwarsstraat/1177"
"Eerste Kattenburgerdwarsstraat","https://adamlink.nl/geo/street/eerste-kattenburgerdwarsstraat/5735"
"Eerste klooster","https://adamlink.nl/geo/street/eerste-klooster/5730"
"Eerste Laurierdwarsstraat","https://adamlink.nl/geo/street/eerste-laurierdwarsstraat/1186"
"Eerste Leliedwarsstraat","https://adamlink.nl/geo/street/eerste-leliedwarsstraat/1188"
"Eerste Looijersdwarsstraat","https://adamlink.nl/geo/street/eerste-looiersdwarsstraat/1190"
"Eerste Ridderdwarsstraat","https://adamlink.nl/geo/street/eerste-ridderdwarsstraat/7060"
"Eerste Rozendwarsstraat","https://adamlink.nl/geo/street/eerste-rozendwarsstraat/1197"
"Eerste Tuindwarsstraat","https://adamlink.nl/geo/street/eerste-tuindwarsstraat/1200"
"Eerste Weteringdwarsstraat","https://adamlink.nl/geo/street/eerste-weteringdwarsstraat/1204"
"Eerste Wittenburgerdwarsstraat","https://adamlink.nl/geo/street/eerste-wittenburgerdwarsstraat/1206"
"Egelantiersgracht","https://adamlink.nl/geo/street/egelantiersgracht/1209"
"Egelantiersstraat","https://adamlink.nl/geo/street/egelantiersstraat/1210"
"Eggertstraat","https://adamlink.nl/geo/street/eggertstraat/1214"
"Elandsgracht","https://adamlink.nl/geo/street/elandsgracht/1231"
"Elandsstraat","https://adamlink.nl/geo/street/elandsstraat/1232"
"Enge Kapelsteeg","https://adamlink.nl/geo/street/enge-kapelsteeg/7026"
"Enge Kerksteeg","https://adamlink.nl/geo/street/enge-kerksteeg/1258"
"Enge Lombardsteeg","https://adamlink.nl/geo/street/enge-lombardsteeg/1259"
"Engel Kapelsteeg","https://adamlink.nl/geo/street/enge-kapelsteeg/1257"
"Engelsche steeg","https://adamlink.nl/geo/street/engelsesteeg/1261"
"Falckstraat","https://adamlink.nl/geo/street/falckstraat/1307"
"Foeliedwarsstraat","https://adamlink.nl/geo/street/foeliedwarsstraat/1348"
"Foeliestraat","https://adamlink.nl/geo/street/foeliestraat/1349"
"Fokke Simonsstraat","https://adamlink.nl/geo/street/fokke-simonszstraat/1352"
"Fransche Laan","https://adamlink.nl/geo/street/henri-polaklaan/1753"
"Frederiksplein","https://adamlink.nl/geo/street/frederiksplein/1391"
"Galgenstraat","https://adamlink.nl/geo/street/galgenstraat/1422"
"Gapersteeg","https://adamlink.nl/geo/street/gapersteeg/1436"
"Gasthuissteeg","https://adamlink.nl/geo/street/gasthuissteeg/5845"
"Gebed zonder end","https://adamlink.nl/geo/street/gebed-zonder-end/1441"
"Geelvinksteeg","https://adamlink.nl/geo/street/geelvinckssteeg/1449"
"Geertruisteeg","https://adamlink.nl/geo/street/sint-geertruidensteeg/4099"
"Geldersche Kade","https://adamlink.nl/geo/street/geldersekade/1459"
"Geldersekade","https://adamlink.nl/geo/street/geldersekade/1459"
"Gieterstraat","https://adamlink.nl/geo/street/gietersstraat/1509"
"Goldbergersteeg","https://adamlink.nl/geo/street/goldbergersteeg/6089"
"Gooijerssteeg","https://adamlink.nl/geo/street/gooijerssteeg/5840"
"Gordijnensteeg","https://adamlink.nl/geo/street/gordijnensteeg/1527"
"Goudsbloemsteeg","https://adamlink.nl/geo/street/goudsblom-steeg/5660"
"Goudsbloemstraat","https://adamlink.nl/geo/street/goudsbloemstraat/1537"
"Gouwenaarsteeg","https://adamlink.nl/geo/street/gouwenaarssteeg/1538"
"Gravenstraat","https://adamlink.nl/geo/street/gravenstraat/1553"
"Grimburgwal","https://adamlink.nl/geo/street/grimburgwal/1561"
"Groeneburgwal","https://adamlink.nl/geo/street/groenburgwal/1564"
"Groot Hemelrijk","https://adamlink.nl/geo/street/groot-hemelrijk/6948"
"Groote Houtstraat","https://adamlink.nl/geo/street/grote-houtstraat/5670"
"Grote Bickerstraat","https://adamlink.nl/geo/street/grote-bickersstraat/1590"
"Grote Kattenburgerstraat","https://adamlink.nl/geo/street/grote-kattenburgerstraat/6954"
"Grote Wittenburgerstraat","https://adamlink.nl/geo/street/grote-wittenburgerstraat/1596"
"Haarlemmer Houttuinen","https://adamlink.nl/geo/street/haarlemmer-houttuinen/1625"
"Haarlemmerdijk","https://adamlink.nl/geo/street/haarlemmerdijk/1626"
"Haarlemmerplein","https://adamlink.nl/geo/street/haarlemmerplein/1628"
"Haarlemmerstraat","https://adamlink.nl/geo/street/haarlemmerstraat/1629"
"Halvemaansteeg","https://adamlink.nl/geo/street/halvemaansteeg/1644"
"Handboogstraat","https://adamlink.nl/geo/street/handboogstraat/1653"
"Haringpakkerij","https://adamlink.nl/geo/street/haringpakkerij/5676"
"Hartenstraat","https://adamlink.nl/geo/street/hartenstraat/1676"
"Hasselaarsteeg","https://adamlink.nl/geo/street/hasselaerssteeg/1679"
"Hazenstraat","https://adamlink.nl/geo/street/hazenstraat/1693"
"Heerengracht","https://adamlink.nl/geo/street/herengracht/1768"
"Heerenmarkt","https://adamlink.nl/geo/street/herenmarkt/1769"
"Heerensteegje","https://adamlink.nl/geo/street/heerensteegje/5835"
"Heerenstraat","https://adamlink.nl/geo/street/herenstraat/1770"
"Heiligenweg","https://adamlink.nl/geo/street/heiligeweg/1705"
"Heintje Hoeksteeg","https://adamlink.nl/geo/street/heintje-hoekssteeg/1708"
"Heisteeg","https://adamlink.nl/geo/street/heisteeg/1710"
"Hekelveld","https://adamlink.nl/geo/street/hekelveld/1711"
"Heremietensteeg","https://adamlink.nl/geo/street/hermietenstraat/1785"
"Hol","https://adamlink.nl/geo/street/t-hol/4365"
"Hoogte van den Kadijk","https://adamlink.nl/geo/street/hoogte-kadijk/1877"
"Houtgracht","https://adamlink.nl/geo/street/houtgracht/5668"
"Houtkopersburgwal","https://adamlink.nl/geo/street/houtkopersburgwal/1893"
"Huddestraat","https://adamlink.nl/geo/street/huddestraat/1903"
"Huidekoperstraat","https://adamlink.nl/geo/street/huidekoperstraat/1912"
"Huidenstraat","https://adamlink.nl/geo/street/huidenstraat/1913"
"Huiszittensteeg","https://adamlink.nl/geo/street/huiszittensteeg/5675"
"IJgracht","https://adamlink.nl/geo/street/ijgracht/5686"
"Jeroensteeg","https://adamlink.nl/geo/street/jeroenensteeg/2133"
"Joden Houttuinen","https://adamlink.nl/geo/street/joden-houttuinen/2157"
"Joden Kerkstraat","https://adamlink.nl/geo/street/nieuwe-kerkstraat/3156"
"Jodenbreestraat","https://adamlink.nl/geo/street/jodenbreestraat/2158"
"Jodenkerkstraat","https://adamlink.nl/geo/street/nieuwe-kerkstraat/3156"
"Jonas Daniel Meijerplein","https://adamlink.nl/geo/street/jonas-daniel-meijerplein/2220"
"Jonge Roelensteeg","https://adamlink.nl/geo/street/jonge-roelensteeg/2221"
"Jonkerstraat","https://adamlink.nl/geo/street/jonkerstraat/6953"
"Kadijksplein","https://adamlink.nl/geo/street/kadijksplein/2258"
"Kalfsvelsteeg","https://adamlink.nl/geo/street/kalfsvelsteeg/2265"
"Kalkmarkt","https://adamlink.nl/geo/street/kalkmarkt/2266"
"Kalverstraat","https://adamlink.nl/geo/street/kalverstraat/2269"
"Kamperhoofd","https://adamlink.nl/geo/street/kamperhoofd/5681"
"Kampersteiger","https://adamlink.nl/geo/street/kampersteiger/6355"
"Kapelsteeg","https://adamlink.nl/geo/street/haringpakkerssteeg/1666"
"Karnemelksteeg","https://adamlink.nl/geo/street/karnemelksteeg/2298"
"Karthuizersdwarsstraat","https://adamlink.nl/geo/street/karthuizersdwarsstraat/2304"
"Karthuizerstraat","https://adamlink.nl/geo/street/karthuizersstraat/2307"
"Katersteeg","https://adamlink.nl/geo/street/katersteeg/5663"
"Kattegat","https://adamlink.nl/geo/street/kattengat/2322"
"Kattenburgergracht","https://adamlink.nl/geo/street/kattenburgergracht/2315"
"Kattenburgerplein","https://adamlink.nl/geo/street/kattenburgerplein/2319"
"Keizerrijk","https://adamlink.nl/geo/street/keizerrijk/2336"
"Keizersgracht","https://adamlink.nl/geo/street/keizersgracht/2337"
"Keizersstraat","https://adamlink.nl/geo/street/keizersstraat/2338"
"Keizerstraat","https://adamlink.nl/geo/street/keizersstraat/2338"
"Kerklaan","https://adamlink.nl/geo/street/plantage-kerklaan/3606"
"Kerkstraat","https://adamlink.nl/geo/street/kerkstraat/2355"
"Kleerensloot","https://adamlink.nl/geo/street/kleersloot/2386"
"Klein Hemelrijk","https://adamlink.nl/geo/street/klein-hemelrijk/5740"
"Kleine Houtstraat","https://adamlink.nl/geo/street/kleine-houtstraat/2395"
"Kleine Kattenburgerstraat","https://adamlink.nl/geo/street/kleine-kattenburger-straat/5653"
"Kleine Wittenburgerstraat","https://adamlink.nl/geo/street/kleine-wittenburgerstraat/2397"
"Kloveniersburgwal","https://adamlink.nl/geo/street/kloveniersburgwal/2409"
"Koestraat","https://adamlink.nl/geo/street/koestraat/2424"
"Koggestraat","https://adamlink.nl/geo/street/koggestraat/2427"
"Koksteeg","https://adamlink.nl/geo/street/koksteegje/6144"
"Kolk","https://adamlink.nl/geo/street/nieuwezijds-kolk/3206"
"Kolksteeg","https://adamlink.nl/geo/street/kolksteeg/2432"
"Konijnenstraat","https://adamlink.nl/geo/street/konijnenstraat/2438"
"Koningsplein","https://adamlink.nl/geo/street/koningsplein/2445"
"Koningsstraat","https://adamlink.nl/geo/street/koningsstraat/2446"
"Korsjespoortsteeg","https://adamlink.nl/geo/street/korsjespoortsteeg/2460"
"Korte Amstelstraat","https://adamlink.nl/geo/street/korte-amstelstraat/2461"
"Korte Brouwersgracht","https://adamlink.nl/geo/street/korte-brouwersgracht/5952"
"Korte Dijkstraat","https://adamlink.nl/geo/street/korte-dijkstraat/2464"
"Korte Heisteeg","https://adamlink.nl/geo/street/heisteeg/1710"
"Korte Houtstraat","https://adamlink.nl/geo/street/korte-houtstraat/5643"
"Korte Keizersdwarsstraat","https://adamlink.nl/geo/street/korte-keizersdwarsstraat/2469"
"Korte Keizersstraat","https://adamlink.nl/geo/street/korte-keizersstraat/2470"
"Korte Kolksteeg","https://adamlink.nl/geo/street/korte-kolksteeg/2471"
"Korte Koningsdwarsstraat","https://adamlink.nl/geo/street/korte-koningsdwarsstraat/2472"
"Korte Koningstraat","https://adamlink.nl/geo/street/korte-koningsstraat/2473"
"Korte Korsjepoortsteeg","https://adamlink.nl/geo/street/korte-korsjespoortsteeg/2474"
"Korte Korsjespoortsteeg","https://adamlink.nl/geo/street/korte-korsjespoortsteeg/2474"
"Korte Leidschedwarsstraat","https://adamlink.nl/geo/street/korte-leidsedwarsstraat/2475"
"Korte Lijnbaansteeg","https://adamlink.nl/geo/street/korte-lijnbaanssteeg/2477"
"Korte Niezel","https://adamlink.nl/geo/street/korte-niezel/2481"
"Korte Prinsengracht","https://adamlink.nl/geo/street/korte-prinsengracht/2484"
"Korte Reguliersdwarsstraat","https://adamlink.nl/geo/street/korte-reguliersdwarsstraat/2485"
"Korte Singel","https://adamlink.nl/geo/street/singel/4088"
"Korte Spinhuissteeg","https://adamlink.nl/geo/street/korte-spinhuissteeg/2488"
"Kreupelsteeg","https://adamlink.nl/geo/street/kreupelsteeg/2533"
"Krom Boomsloot","https://adamlink.nl/geo/street/krom-boomssloot/2539"
"Kromelleboogsteeg","https://adamlink.nl/geo/street/kromelleboogsteeg/2541"
"Kromme Elleboogsteeg","https://adamlink.nl/geo/street/kromelleboogsteeg/2541"
"Kromme Palmstraat","https://adamlink.nl/geo/street/kromme-palmstraat/2544"
"Kromme Tuinstraat","https://adamlink.nl/geo/street/kromme-tuynstraat/5647"
"Kromme Waal","https://adamlink.nl/geo/street/kromme-waal/2545"
"Kuipersteeg","https://adamlink.nl/geo/street/kuiperssteeg/2567"
"Laagte van den Kadijk","https://adamlink.nl/geo/street/laagte-kadijk/2582"
"Land van Beloftensteeg","https://adamlink.nl/geo/street/land-van-beloften-steeg/5615"
"Lange Houtstraat","https://adamlink.nl/geo/street/lange-houtstraat/6358"
"Lange Keizersdwarstraat","https://adamlink.nl/geo/street/lange-keizersdwarsstraat/2608"
"Lange Leidschedwarsstraat","https://adamlink.nl/geo/street/lange-leidsedwarsstraat/2609"
"Lange Niezel","https://adamlink.nl/geo/street/lange-niezel/2610"
"Langebrug","https://adamlink.nl/geo/street/langebrugsteeg/2614"
"Langestraat","https://adamlink.nl/geo/street/langestraat/2616"
"Lauriergracht","https://adamlink.nl/geo/street/lauriergracht/2630"
"Laurierstraat","https://adamlink.nl/geo/street/laurierstraat/2632"
"Lazerussteeg","https://adamlink.nl/geo/street/lazarussteeg/5748"
"Leidekkerssteeg","https://adamlink.nl/geo/street/leidekkerssteeg/2655"
"Leidschegracht","https://adamlink.nl/geo/street/leidsegracht/2658"
"Leidschekruisstraat","https://adamlink.nl/geo/street/leidsekruisstraat/2660"
"Leidscheplein","https://adamlink.nl/geo/street/leidseplein/2661"
"Leidschestraat","https://adamlink.nl/geo/street/leidsestraat/2662"
"Leidsegracht","https://adamlink.nl/geo/street/leidsegracht/2658"
"Leliegracht","https://adamlink.nl/geo/street/leliegracht/2668"
"Leliestraatje","https://adamlink.nl/geo/street/geldersesteeg/1460"
"Lepellaan","https://adamlink.nl/geo/street/plantage-lepellaan/3607"
"Lepelstraat","https://adamlink.nl/geo/street/lepelstraat/2679"
"Leprozengracht","https://adamlink.nl/geo/street/leprozengracht/5685"
"Lijnbaansgracht","https://adamlink.nl/geo/street/lijnbaansgracht/2698"
"Lijnbaansstraat","https://adamlink.nl/geo/street/lijnbaansstraat/2700"
"Lijnbaansteeg","https://adamlink.nl/geo/street/lijnbaanssteeg/2699"
"Lijnbaanstraat","https://adamlink.nl/geo/street/lijnbaansstraat/2700"
"Lindengracht","https://adamlink.nl/geo/street/lindengracht/2707"
"Lindenstraat","https://adamlink.nl/geo/street/lindenstraat/2708"
"Looiersgracht","https://adamlink.nl/geo/street/looiersgracht/2747"
"Looijersgracht","https://adamlink.nl/geo/street/looiersgracht/2747"
"Looijersstraat","https://adamlink.nl/geo/street/oude-looiersstraat/3387"
"Maagdelievenstraat","https://adamlink.nl/geo/street/madelievenstraat/2811"
"Maarten Jansz. Kosterstraat","https://adamlink.nl/geo/street/maarten-jansz-kosterstraat/2802"
"Mandenmakerssteeg","https://adamlink.nl/geo/street/mandenmakerssteeg/2834"
"Markenplein","https://adamlink.nl/geo/street/markenplein/2870"
"Markensteeg","https://adamlink.nl/geo/street/markensteeg/5621"
"Marnixkade","https://adamlink.nl/geo/street/marnixkade/2874"
"Marnixstraat","https://adamlink.nl/geo/street/marnixstraat/2876"
"Midden klooster","https://adamlink.nl/geo/street/midden-klooster/5752"
"Minnemoerstraat","https://adamlink.nl/geo/street/minnemoersstraat/2995"
"Moddermolensteeg","https://adamlink.nl/geo/street/moddermolensteeg/2999"
"Molenpad","https://adamlink.nl/geo/street/molenpad/3016"
"Molensteeg","https://adamlink.nl/geo/street/molensteeg/3020"
"Molsteeg","https://adamlink.nl/geo/street/molsteeg/3022"
"Monnickenstraat","https://adamlink.nl/geo/street/monnikenstraat/3030"
"Monnikendwarsstraat","https://adamlink.nl/geo/street/monnikendwarsstraat/3029"
"Monnikenstraat","https://adamlink.nl/geo/street/monnikenstraat/3030"
"Mosterdpotsteeg","https://adamlink.nl/geo/street/mosterdpotsteeg/3046"
"Mouthaansteeg","https://adamlink.nl/geo/street/mouthaansteeg/3051"
"Mozes en Aäronstraat","https://adamlink.nl/geo/street/mozes-en-aaronstraat/3053"
"Muidergracht","https://adamlink.nl/geo/street/plantage-muidergracht/3609"
"Muiderstraat","https://adamlink.nl/geo/street/muiderstraat/3063"
"Nadorststeeg","https://adamlink.nl/geo/street/nadorststeeg/3084"
"Nes","https://adamlink.nl/geo/street/nes/3107"
"Nieuwe Achtergracht","https://adamlink.nl/geo/street/nieuwe-achtergracht/3136"
"Nieuwe Amstelstraat","https://adamlink.nl/geo/street/nieuwe-amstelstraat/3138"
"Nieuwe Brugsteeg","https://adamlink.nl/geo/street/nieuwebrugsteeg/3187"
"Nieuwe Grachtje","https://adamlink.nl/geo/street/nieuwegrachtje/3189"
"Nieuwe Heerengracht","https://adamlink.nl/geo/street/nieuwe-herengracht/3149"
"Nieuwe Hoogstraat","https://adamlink.nl/geo/street/nieuwe-hoogstraat/3150"
"Nieuwe Keizersgracht","https://adamlink.nl/geo/street/nieuwe-keizersgracht/3155"
"Nieuwe Leliestraat","https://adamlink.nl/geo/street/nieuwe-leliestraat/3159"
"Nieuwe Lijnbaansgracht","https://adamlink.nl/geo/street/valckenierstraat/4613"
"Nieuwe Looijersdwarsstraat","https://adamlink.nl/geo/street/nieuwe-looiersdwarsstraat/3160"
"Nieuwe Looijerstraat","https://adamlink.nl/geo/street/nieuwe-looiersstraat/3161"
"Nieuwe Oostenburgerdwarsstraat","https://adamlink.nl/geo/street/nieuwe-oostenburgerdwarsstraat/3166"
"Nieuwe Oostenburgerstraat","https://adamlink.nl/geo/street/nieuwe-oostenburgerstraat/3167"
"Nieuwe Prinsengracht","https://adamlink.nl/geo/street/nieuwe-prinsengracht/3170"
"Nieuwe Teertuinen","https://adamlink.nl/geo/street/nieuwe-teertuinen/3176"
"Nieuwe Vijzelstraat","https://adamlink.nl/geo/street/nieuwe-vijzelstraat/3180"
"Nieuwe Waalseiland","https://adamlink.nl/geo/street/nieuwe-waalseiland/5861"
"Nieuwendammergrachtje","https://adamlink.nl/geo/street/nieuwendammergrachtje/6215"
"Nieuwendijk","https://adamlink.nl/geo/street/nieuwendijk/3198"
"Nieuwezijds Armsteeg","https://adamlink.nl/geo/street/nieuwezijds-armsteeg/3205"
"Nieuwezijds Voorburgwal","https://adamlink.nl/geo/street/nieuwezijds-voorburgwal/3207"
"Nieuwmarkt","https://adamlink.nl/geo/street/nieuwmarkt/3209"
"Nieuwstraat","https://adamlink.nl/geo/street/nieuwendammerstraat/3197"
"Nikolaas Witsenkade","https://adamlink.nl/geo/street/nicolaas-witsenkade/3130"
"Noorderdwarsstraat","https://adamlink.nl/geo/street/noorderdwarsstraat/3233"
"Noorderkerkstraat","https://adamlink.nl/geo/street/noorderkerkstraat/3236"
"Noordermarkt","https://adamlink.nl/geo/street/noordermarkt/3238"
"Noorderstraat","https://adamlink.nl/geo/street/noorderstraat/3240"
"Olieslagerssteeg","https://adamlink.nl/geo/street/olieslagerssteeg/3282"
"Olofspoort","https://adamlink.nl/geo/street/sint-olofspoort/4108"
"Onbekende Gracht","https://adamlink.nl/geo/street/onbekendegracht/3296"
"Onkelboerensteeg","https://adamlink.nl/geo/street/onkelboerensteeg/3298"
"Oosteinde","https://adamlink.nl/geo/street/oosteinde/3306"
"Oostenburgerachterstraat","https://adamlink.nl/geo/street/oostenburger-achterstraat/7063"
"Oostenburgerdwarsstraat","https://adamlink.nl/geo/street/oostenburgerdwarsstraat/3311"
"Oostenburgergracht","https://adamlink.nl/geo/street/oostenburgergracht/3313"
"Oostenburgermiddenstraat","https://adamlink.nl/geo/street/oostenburgermiddenstraat/3315"
"Oostenburgervoorstraat","https://adamlink.nl/geo/street/oostenburgervoorstraat/3318"
"Oosterhoofd","https://adamlink.nl/geo/street/oosterhoofd/7065"
"Oostersche Kade","https://adamlink.nl/geo/street/oostersekade/3329"
"Openhartsteeg","https://adamlink.nl/geo/street/openhartsteeg/3342"
"Oude Brugsteeg","https://adamlink.nl/geo/street/oude-brugsteeg/5962"
"Oude Doelenstraat","https://adamlink.nl/geo/street/oude-doelenstraat/3382"
"Oude Hoogstraat","https://adamlink.nl/geo/street/oude-hoogstraat/3384"
"Oude Kennissteeg","https://adamlink.nl/geo/street/oudekennissteeg/3397"
"Oude Kerksplein","https://adamlink.nl/geo/street/oudekerksplein/3398"
"Oude Leliestraat","https://adamlink.nl/geo/street/oude-leliestraat/3386"
"Oude Mannenhuispoort","https://adamlink.nl/geo/street/oudemanhuispoort/3399"
"Oude Nieuwstraat","https://adamlink.nl/geo/street/oude-nieuwstraat/3389"
"Oude Schans","https://adamlink.nl/geo/street/oudeschans/3405"
"Oude Spiegelstraat","https://adamlink.nl/geo/street/oude-spiegelstraat/3391"
"Oude Teertuinen","https://adamlink.nl/geo/street/oude-teertuinen/5680"
"Oude Turfmarkt","https://adamlink.nl/geo/street/oude-turfmarkt/3392"
"Oude Waal","https://adamlink.nl/geo/street/oude-waal/3393"
"Oudebraak","https://adamlink.nl/geo/street/oude-braak/3381"
"Oudebrugsteeg","https://adamlink.nl/geo/street/oudebrugsteeg/3394"
"Oudezijds Achterburgwal","https://adamlink.nl/geo/street/oudezijds-achterburgwal/3406"
"Oudezijds Armsteeg","https://adamlink.nl/geo/street/oudezijds-armsteeg/3407"
"Oudezijds Kolk","https://adamlink.nl/geo/street/oudezijds-kolk/3408"
"Oudezijds Voorburgswal","https://adamlink.nl/geo/street/oudezijds-voorburgwal/3409"
"Oudezijds Voorburgwal","https://adamlink.nl/geo/street/oudezijds-voorburgwal/3409"
"Paardenstraat","https://adamlink.nl/geo/street/paardenstraat/3439"
"Paleisstraat","https://adamlink.nl/geo/street/paleisstraat/3447"
"Palmdwarsstraat","https://adamlink.nl/geo/street/palmdwarsstraat/3451"
"Palmgracht","https://adamlink.nl/geo/street/palmgracht/3452"
"Palmstraat","https://adamlink.nl/geo/street/palmstraat/3453"
"Panaalsteeg","https://adamlink.nl/geo/street/panaalsteeg/3456"
"Papenbrugsteeg","https://adamlink.nl/geo/street/papenbrugsteeg/3467"
"Parklaan","https://adamlink.nl/geo/street/plantage-parklaan/3610"
"Passeerderdwarsstraat","https://adamlink.nl/geo/street/eerste-passeerdersdwarsstraat/1195"
"Passeerdersdwarsstraat","https://adamlink.nl/geo/street/eerste-passeerdersdwarsstraat/1195"
"Passeerdersgracht","https://adamlink.nl/geo/street/passeerdersgracht/3483"
"Passeerdersstraat","https://adamlink.nl/geo/street/passeerdersstraat/3484"
"Peperstraat","https://adamlink.nl/geo/street/peperstraat/3515"
"Pieter Jacobdwarsstraat","https://adamlink.nl/geo/street/pieter-jacobszdwarsstraat/3568"
"Pieter Jacobstraat","https://adamlink.nl/geo/street/pieter-jacobszstraat/3569"
"Pijlsteeg","https://adamlink.nl/geo/street/pijlsteeg/3588"
"Planciusstraat","https://adamlink.nl/geo/street/planciusstraat/3601"
"Plantage Middenlaan","https://adamlink.nl/geo/street/plantage-middenlaan/3608"
"Plantage Prinsengracht","https://adamlink.nl/geo/street/plantage-prinsengracht/6249"
"Prinseneiland","https://adamlink.nl/geo/street/prinseneiland/3682"
"Prinsengracht","https://adamlink.nl/geo/street/prinsengracht/3684"
"Prinsenhofsteeg","https://adamlink.nl/geo/street/prinsenhofssteeg/3685"
"Prinsenstraat","https://adamlink.nl/geo/street/prinsenstraat/3686"
"Raamgracht","https://adamlink.nl/geo/street/raamgracht/3724"
"Raamskooi","https://adamlink.nl/geo/street/raamskooi/5918"
"Raamsteeg","https://adamlink.nl/geo/street/raamsteeg/3726"
"Raamstraat","https://adamlink.nl/geo/street/raamstraat/3727"
"Rapenburg","https://adamlink.nl/geo/street/rapenburg/3742"
"Rapenburgerplein","https://adamlink.nl/geo/street/rapenburgerplein/3743"
"Rapenburgerstraat","https://adamlink.nl/geo/street/rapenburgerstraat/3744"
"Rapenburgplein","https://adamlink.nl/geo/street/rapenburgerplein/3743"
"Ratelwachtsteeg","https://adamlink.nl/geo/street/ratelwachtsteeg/5611"
"Realengracht","https://adamlink.nl/geo/street/realengracht/3754"
"Reestraat","https://adamlink.nl/geo/street/reestraat/3757"
"Regt Boomsloot","https://adamlink.nl/geo/street/recht-boomssloot/3756"
"Reguliersbreestraat","https://adamlink.nl/geo/street/reguliersbreestraat/3761"
"Reguliersdwarsstraat","https://adamlink.nl/geo/street/reguliersdwarsstraat/3762"
"Reguliersgracht","https://adamlink.nl/geo/street/reguliersgracht/3763"
"Reguliersplein","https://adamlink.nl/geo/street/thorbeckeplein/4445"
"Ridderstraat","https://adamlink.nl/geo/street/ridderstraat/6974"
"Roeterstraat","https://adamlink.nl/geo/street/roetersstraat/3864"
"Rokin","https://adamlink.nl/geo/street/rokin/3867"
"Boltensgrachtje","https://adamlink.nl/geo/street/boltensgrachtje/5449"
"Romeinsarmsteeg","https://adamlink.nl/geo/street/romeinsarmsteeg/3871"
"Romeinsteegje","https://adamlink.nl/geo/street/zwartehandsteeg/5226"
"Roomolensteeg","https://adamlink.nl/geo/street/roomolenstraat/3875"
"Roskamsteeg","https://adamlink.nl/geo/street/roskamsteeg/3885"
"Rosmarijnsteeg","https://adamlink.nl/geo/street/rosmarijnsteeg/3886"
"Rozenboomsteeg","https://adamlink.nl/geo/street/rozenboomsteeg/3897"
"Rozengracht","https://adamlink.nl/geo/street/rozengracht/3899"
"Rozenstraat","https://adamlink.nl/geo/street/rozenstraat/3901"
"Runstraat","https://adamlink.nl/geo/street/runstraat/3912"
"Rusland","https://adamlink.nl/geo/street/rusland/3914"
"s Gravenhekje","https://adamlink.nl/geo/street/sgravenhekje/4055"
"Sarphatistraat","https://adamlink.nl/geo/street/sarphatistraat/3956"
"Schans","https://adamlink.nl/geo/street/schans/6969"
"Schapenplein","https://adamlink.nl/geo/street/muntplein/3067"
"Schapensteeg","https://adamlink.nl/geo/street/korte-wagenstraat/2493"
"Schapensteeg","https://adamlink.nl/geo/street/schapensteeg/3975"
"Schippersgracht","https://adamlink.nl/geo/street/schippersgracht/4008"
"Schipperstraat","https://adamlink.nl/geo/street/schippersstraat/4009"
"Schoone Weespad","https://adamlink.nl/geo/street/schone-weespad/5891"
"Schoorsteenvegerssteeg","https://adamlink.nl/geo/street/schoorsteenvegerssteeg/4024"
"Schoutensteeg","https://adamlink.nl/geo/street/schoutensteeg/4029"
"Servetsteeg","https://adamlink.nl/geo/street/servetsteeg/4050"
"Zieseniskade","https://adamlink.nl/geo/street/zieseniskade/5166"
"Singel","https://adamlink.nl/geo/street/singel/4088"
"Sint Anne Dwarsstraat","https://adamlink.nl/geo/street/sint-annendwarsstraat/4094"
"Sint Annestraat","https://adamlink.nl/geo/street/sint-annenstraat/4095"
"Sint Anthoniebreestraat","https://adamlink.nl/geo/street/sint-antoniesbreestraat/4096"
"Sint Jacobdwarsstraat","https://adamlink.nl/geo/street/sint-jacobsdwarsstraat/4102"
"Sint Jacobstraat","https://adamlink.nl/geo/street/sint-jacobsstraat/4103"
"Sint Jansstraat","https://adamlink.nl/geo/street/sint-jansstraat/4104"
"Sint Jorissteeg","https://adamlink.nl/geo/street/st-joris-steeg/5624"
"Sint Jorisstraat","https://adamlink.nl/geo/street/sint-jorisstraat/4105"
"Sint Luciensteeg","https://adamlink.nl/geo/street/sint-luciensteeg/4106"
"Sint Nicolaasstraat","https://adamlink.nl/geo/street/sint-nicolaasstraat/4107"
"Sint Pieterpoort","https://adamlink.nl/geo/street/sint-pieters-poort/5463"
"Sint Pietersteeg","https://adamlink.nl/geo/street/sint-pietershalsteeg/4110"
"Slijkstraat","https://adamlink.nl/geo/street/slijkstraat/4134"
"Slootstraat","https://adamlink.nl/geo/street/slootstraat/4142"
"Smaksteeg","https://adamlink.nl/geo/street/smaksteeg/4156"
"Smidsteegje","https://adamlink.nl/geo/street/smidt-steeg/5490"
"Snoekjesgracht","https://adamlink.nl/geo/street/snoekjesgracht/4171"
"Snoekjessteeg","https://adamlink.nl/geo/street/snoekjessteeg/4172"
"Spaarpotsteeg","https://adamlink.nl/geo/street/spaarpotsteeg/4203"
"Spiegelgracht","https://adamlink.nl/geo/street/spiegelgracht/4221"
"Spiegelstraat","https://adamlink.nl/geo/street/nieuwe-spiegelstraat/3175"
"Spinhuissteeg","https://adamlink.nl/geo/street/spinhuissteeg/4228"
"Spinozastraat","https://adamlink.nl/geo/street/spinozastraat/4231"
"Spui","https://adamlink.nl/geo/street/spui/4275"
"Spuistraat","https://adamlink.nl/geo/street/spuistraat/4276"
"Staalstraat","https://adamlink.nl/geo/street/staalstraat/4282"
"Steenhouwersteeg","https://adamlink.nl/geo/street/steenhouwerssteeg/4308"
"Stoofsteeg","https://adamlink.nl/geo/street/stoofsteeg/4331"
"Stormsteeg","https://adamlink.nl/geo/street/stormsteeg/4334"
"Stroomarkt","https://adamlink.nl/geo/street/stromarkt/4341"
"Suikerbakkersteeg","https://adamlink.nl/geo/street/suikerbakkers-steeg/5461"
"Suikerbakkersteeg","https://adamlink.nl/geo/street/suikerbakkerssteeg/4349"
"Taanstraat","https://adamlink.nl/geo/street/taanstraat/4371"
"Taksteeg","https://adamlink.nl/geo/street/taksteeg/4374"
"Teerketelsteeg","https://adamlink.nl/geo/street/teerketelsteeg/4382"
"Teerplein","https://adamlink.nl/geo/street/teerplein/4383"
"Texelschekade","https://adamlink.nl/geo/street/texelschekade/5793"
"Thorbeckeplein","https://adamlink.nl/geo/street/thorbeckeplein/4445"
"Tigchelstraat","https://adamlink.nl/geo/street/tichelstraat/4447"
"Torensteeg","https://adamlink.nl/geo/street/torensteeg/4492"
"Treefsteeg","https://adamlink.nl/geo/street/treeftsteeg/4506"
"Trompettersteeg","https://adamlink.nl/geo/street/trompetterssteeg/4515"
"Tuinstraat","https://adamlink.nl/geo/street/tuinstraat/4527"
"Tulpstraat","https://adamlink.nl/geo/street/prof-tulpstraat/3700"
"Tussen Kadijken","https://adamlink.nl/geo/street/tussen-kadijken/4536"
"Tweede Anjeliersdwarsstraat","https://adamlink.nl/geo/street/tweede-anjeliersdwarsstraat/4542"
"Tweede Batavierdwarsstraat","https://adamlink.nl/geo/street/tweede-batavierdwarsstraat/5921"
"Tweede Bloemdwarsstraat","https://adamlink.nl/geo/street/tweede-bloemdwarsstraat/4544"
"Tweede Boomdwarsstraat","https://adamlink.nl/geo/street/tweede-boomdwarsstraat/4546"
"Tweede Egelantiersdwarsstraat","https://adamlink.nl/geo/street/tweede-egelantiersdwarsstraat/4552"
"Tweede Goudsbloemdwarsstraat","https://adamlink.nl/geo/street/tweede-goudsbloemdwarsstraat/4553"
"Tweede Jonkerdwarsstraat","https://adamlink.nl/geo/street/tweede-jonkerdwarsstraat/7061"
"Tweede Kattenburgerdwarsstraat","https://adamlink.nl/geo/street/tweede-kattenburgerdwarsstraat/5736"
"Tweede Laurierdwarsstraat","https://adamlink.nl/geo/street/tweede-laurierdwarsstraat/4562"
"Tweede Leliedwarsstraat","https://adamlink.nl/geo/street/tweede-leliedwarsstraat/4564"
"Tweede Lindendwarsstraat","https://adamlink.nl/geo/street/tweede-lindendwarsstraat/4565"
"Tweede Looijersdwarsstraat","https://adamlink.nl/geo/street/tweede-looiersdwarsstraat/4566"
"Tweede Ridderdwarsstraat","https://adamlink.nl/geo/street/tweede-ridderdwarsstraat/7062"
"Tweede Rozendwarsstraat","https://adamlink.nl/geo/street/tweede-rozendwarsstraat/4572"
"Tweede Tuindwarsstraat","https://adamlink.nl/geo/street/tweede-tuindwarsstraat/4575"
"Tweede Weteringdwarsstraat","https://adamlink.nl/geo/street/tweede-weteringdwarsstraat/4579"
"Tweede Wittenburgerdwarsstraat","https://adamlink.nl/geo/street/tweede-wittenburgerdwarsstraat/4581"
"Uilenburgersteeg","https://adamlink.nl/geo/street/uilenburgersteeg/4591"
"Uilenburgerstraat","https://adamlink.nl/geo/street/uilenburgerstraat/5667"
"Utrechtsedwarsstraat","https://adamlink.nl/geo/street/utrechtsedwarsstraat/4607"
"Utrechtsestraat","https://adamlink.nl/geo/street/utrechtsestraat/4608"
"Valckenierstraat","https://adamlink.nl/geo/street/valckenierstraat/4613"
"Valkenburgerstraat","https://adamlink.nl/geo/street/valkenburgerstraat/4618"
"Valkensteeg","https://adamlink.nl/geo/street/valkensteeg/4620"
"Veemarkt","https://adamlink.nl/geo/street/veemarkt/4715"
"Verwerstraat","https://adamlink.nl/geo/street/verversstraat/4748"
"Vierwindendwarsstraat","https://adamlink.nl/geo/street/vierwindendwarsstraat/4757"
"Vierwindenstraat","https://adamlink.nl/geo/street/vierwindenstraat/4758"
"Vijgendam","https://adamlink.nl/geo/street/vijgendam/5714"
"Vijzelgracht","https://adamlink.nl/geo/street/vijzelgracht/4762"
"Vijzelstraat","https://adamlink.nl/geo/street/vijzelstraat/4763"
"Vinkenstraat","https://adamlink.nl/geo/street/vinkenstraat/4767"
"Violettenstraat","https://adamlink.nl/geo/street/violettenstraat/4769"
"Vischsteeg","https://adamlink.nl/geo/street/vissteeg/5677"
"Vlasbloemsteeg","https://adamlink.nl/geo/street/vlasblom-steeg/5661"
"Vliegendesteeg","https://adamlink.nl/geo/street/vliegendesteeg/4778"
"Vlooijenburgersteeg","https://adamlink.nl/geo/street/houtkopersdwarsstraat/1894"
"Voetboogstraat","https://adamlink.nl/geo/street/voetboogstraat/4787"
"Vredenburgsteeg","https://adamlink.nl/geo/street/vredenburgersteeg/4837"
"Vrouwensteeg","https://adamlink.nl/geo/street/onze-lieve-vrouwesteeg/3301"
"Vuile Weespad","https://adamlink.nl/geo/street/waal-weespadt/5612"
"Wagenstraat","https://adamlink.nl/geo/street/wagenstraat/4864"
"Walenplein","https://adamlink.nl/geo/street/walenpleintje/4869"
"Warmoesgracht","https://adamlink.nl/geo/street/warmoesgracht/6947"
"Warmoesstraat","https://adamlink.nl/geo/street/warmoesstraat/4883"
"Watersteeg","https://adamlink.nl/geo/street/regulierssteeg/3764"
"Watersteeg","https://adamlink.nl/geo/street/watersteeg/4904"
"Watersteeg","https://adamlink.nl/geo/street/watersteeg/6629"
"Weesperplein","https://adamlink.nl/geo/street/weesperplein/4918"
"Weesperstraat","https://adamlink.nl/geo/street/weesperstraat/4919"
"Westeinde","https://adamlink.nl/geo/street/westeinde/4943"
"Westermarkt","https://adamlink.nl/geo/street/westermarkt/4962"
"Westerstraat","https://adamlink.nl/geo/street/westerstraat/4964"
"Weteringschans","https://adamlink.nl/geo/street/weteringschans/4978"
"Weteringstraat","https://adamlink.nl/geo/street/weteringstraat/4979"
"Wijde Gasthuismolensteeg","https://adamlink.nl/geo/street/gasthuismolensteeg/1439"
"Wijde Kapelsteeg","https://adamlink.nl/geo/street/wijde-kapelsteeg/5011"
"Wijde Kerksteeg","https://adamlink.nl/geo/street/wijde-kerksteeg/5012"
"Wijde Lombardsteeg","https://adamlink.nl/geo/street/wijde-lombardsteeg/5013"
"Wijdesteeg","https://adamlink.nl/geo/street/wijdesteeg/5015"
"Wijngaardstraatje","https://adamlink.nl/geo/street/wijngaardsstraatje/5019"
"Willemstraat","https://adamlink.nl/geo/street/willemsstraat/5074"
"Wittenburgergracht","https://adamlink.nl/geo/street/wittenburgergracht/5107"
"Wolvenstraat","https://adamlink.nl/geo/street/wolvenstraat/5124"
"Zanddwarsstraat","https://adamlink.nl/geo/street/zanddwarsstraat/5141"
"Zandhoek","https://adamlink.nl/geo/street/zandhoek/5142"
"Zandstraat","https://adamlink.nl/geo/street/zandstraat/5145"
"Zeedijk","https://adamlink.nl/geo/street/zeedijk/5154"
"Zoetenaamsteeg","https://adamlink.nl/geo/street/zoetenaam-steegje/5488"
"Zoutkeetsgracht","https://adamlink.nl/geo/street/zoutkeetsgracht/5188"
"Zoutsteeg","https://adamlink.nl/geo/street/zoutsteeg/5190"
"Zwanenburgerstraat","https://adamlink.nl/geo/street/zwanenburgerstraat/5221"
"Zwanenburgwal","https://adamlink.nl/geo/street/zwanenburgwal/5222"
"Zwarte Bijlsteeg","https://adamlink.nl/geo/street/zwarte-bijlsteeg/5779"
"Zwartlakensteeg","https://adamlink.nl/geo/street/zwartlakensteeg/5658"